{
  "km": {
    "km": 1,
    "m": 1000,
    "cm": 100000,
    "mm": 1000000,
    "in": 39370.079,
    "ft": 3280.84,
    "yd": 1093.6133
  },
  "m": {
    "km": 0.001,
    "m": 1,
    "cm": 100,
    "mm": 1000,
    "in": 39.37,
    "ft": 3.2808399,
    "yd": 1.0936133
  },
  "cm": {
    "km": 0.00001,
    "m": 0.01,
    "cm": 1,
    "mm": 10,
    "in": 0.3937,
    "ft": 0.0328084,
    "yd": 0.0109361
  },
  "mm": {
    "km": 0.000001,
    "m": 0.001,
    "cm": 0.1,
    "mm": 1,
    "in": 0.03937,
    "ft": 0.0032808,
    "yd": 0.0010936
  },
  "in": {
    "km": 0.0000254,
    "m": 0.0254,
    "cm": 2.54,
    "mm": 25.4,
    "in": 1,
    "ft": 0.083,
    "yd": 0.028
  },
  "ft": {
    "km": 0.0003048,
    "m": 0.3048,
    "cm": 30.48,
    "mm": 304.8,
    "in": 12,
    "ft": 1,
    "yd": 0.33
  },
  "yd": {
    "km": 0.0009144,
    "m": 0.9144,
    "cm": 91.44,
    "mm": 914.4,
    "in": 36,
    "ft": 3,
    "yd": 1
  }
}
